Ref,Val,Package,PosX,PosY,Rot,Side
"J1","EXP8","PinHeader_2x04_P2.54mm_Vertical",43.400000,6.675000,0.000000,bottom
"J4","Header-2","PinHeader_1x20_2H_P2.54mm_Vertical",1.300000,19.400000,-90.000000,bottom
"J7","VBUS","Solderpad_Rounded_Rectangle_0.8x1.3mm",1.375000,8.575000,-90.000000,bottom
"J8","DM","Solderpad_Rounded_Rectangle_0.8x1.3mm",1.375000,11.141667,-90.000000,bottom
"J9","DP","Solderpad_Rounded_Rectangle_0.8x1.3mm",1.375000,9.858334,-90.000000,bottom
"J10","GND","Solderpad_Rectangle_0.8x1.3mm_Chamfered",1.375000,12.425000,-90.000000,bottom
